Aarav Walker,Houston,TX,(362) 845-1686,83 Pumpkin Hill Rd.
Aaron Rogers,San Francisco,CA,(361) 504-3505,897 Summerhouse Ave.
Abbey Ellis,Houston,TX,(360) 812-6235,688 Golden Star St.
Abel Jensen,Dallas,TX,(907) 635-9330,927 Overlook Street
Abraham Preston,Boston,MA,(822) 458-2833,698 York Street
Ace Giles,San Diego,CA,(644) 373-8410,583 Bear Hill Ave.
Ada Nichols,Jacksonville,FL,(492) 985-8524,443 Hickory St.
Adalyn Goodwin,Nashville,TN,(398) 401-4369,32 Bayport Dr.
Adalynn Austin,Columbus,OH,(753) 795-7001,430 W. Gonzales Court
Adan Dorsey,El Paso,TX,(736) 585-0378,912 Prospect Street
Addisyn Dominguez,Columbus,OH,(936) 246-2733,391 West 10th Lane
Adelaide Little,San Antonio,TX,(494) 932-0660,102 Arrowhead St.
Adeline Durham,San Diego,CA,(857) 610-6721,487 St Paul Ave.
Adelyn May,New York City,NY,(254) 898-0183,746 Wrangler Drive
Aden Oneal,Austin,TX,(459) 719-4738,715 Aspen St.
Adison Pineda,Nashville,TN,(749) 379-0179,47 Wakehurst St.
Aditya Hampton,Memphis,TN,(291) 302-6714,963 West St Paul St.
Adolfo Summers,Nashville,TN,(906) 796-1196,481 W. Thompson St.
Adonis Fernandez,Las Vegas,NV,(870) 368-2239,425 Sunnyslope Ave.
Adrian Carey,Phoenix,AZ,(678) 767-9559,174 Jennings Ave.
Adriel Powers,Las Vegas,NV,(217) 347-9300,325 North Williams Ave.
Adyson Sanders,San Antonio,TX,(832) 513-9794,416 Sherman Ave.
Agustin Carter,Houston,TX,(823) 652-8259,466 Brown Street
Ahmad Blanchard,Las Vegas,NV,(761) 587-1591,528 Meadowbrook Street
Ahmed Cohen,Seattle,WA,(374) 487-8429,722 Bedford Drive
Aidan Dean,San Diego,CA,(958) 596-2202,162 North Rockledge Dr.
Aidyn Coffey,Nashville,TN,(384) 435-5679,615 Evergreen St.
Aileen Dalton,Houston,TX,(827) 802-4924,545 Marsh Dr.
Aimee Walter,El Paso,TX,(748) 651-6620,719 Rockledge Street
Aisha Curry,Philadelphia,PA,(940) 449-1268,604 Essex Street
Aiyana Watts,Austin,TX,(993) 788-4816,94 E. Hill Field Court
Alan Reed,San Francisco,CA,(889) 389-6515,33 N. Purple Finch Court
Alanna Pratt,Jacksonville,FL,(691) 358-6301,47 Madison Ave.
Aldo Carrillo,Phoenix,AZ,(699) 267-1736,62 Alderwood Ave.
Aleah Conley,Austin,TX,(309) 437-9638,111 Homewood Court
Alejandra Yu,Seattle,WA,(751) 251-3164,637 Sunnyslope Ave.
Alena Lucas,Indianapolis,IN,(652) 679-6419,522 East Sierra Ave.
Alessandra Combs,San Diego,CA,(341) 438-5220,546 Indian Spring Ave.
Alessandro Potter,Philadelphia,PA,(361) 799-7506,108 South Ridge Ave.
Alexa Ferrell,Charlotte,NC,(511) 632-2654,742 East Gulf Ave.
Alexander Schmidt,Houston,TX,(514) 515-9268,72 East Sierra Ave.
Alexandria Lynch,San Francisco,CA,(376) 572-8211,524 Baker Avenue
Alexis Stevenson,Philadelphia,PA,(909) 420-3253,524 Silver Spear Rd.
Alexzander Spencer,El Paso,TX,(237) 800-9232,689 Smith Store St.
Alfonso Harrington,Charlotte,NC,(429) 833-6938,517 East Gulf Ave.
Alfred Vang,Dallas,TX,(931) 685-9551,83 Euclid Drive
Alfredo Sandoval,Boston,MA,(665) 289-4184,427 Aspen St.
Alia Gutierrez,Philadelphia,PA,(245) 798-1948,90 Baker St.
Aliana Bond,Detroit,MI,(887) 623-0041,994 Ketch Harbour Ave.
Alijah Patterson,Detroit,MI,(524) 907-3013,254 Essex Street
Alina Russell,Austin,TX,(558) 665-1315,995 Goldfield St.
Alisa Hansen,Dallas,TX,(205) 703-9714,526 John St.
Alisha Hines,Indianapolis,IN,(203) 601-3768,241 E. Harvey St.
Alison Herrera,Phoenix,AZ,(976) 727-0193,364 North Littleton Ave.
Alissa Mckinney,Detroit,MI,(952) 502-8763,98 S. Bellevue Lane
Aliya Briggs,Denver,CO,(933) 964-8661,612 Joy Ridge Street
Aliyah Bowen,Detroit,MI,(852) 552-5165,692 New Street
Allan Salazar,Denver,CO,(358) 826-5253,200 Hickory St.
Allie Cantrell,Philadelphia,PA,(357) 421-7433,618 Brown Street
Allison Richardson,Memphis,TN,(354) 733-2410,263 Kent Road
Ally Savage,San Francisco,CA,(850) 977-0193,606 Deerfield Rd.
Allyson Butler,San Francisco,CA,(708) 726-5609,551 Pearl St.
Alyson Whitaker,Charlotte,NC,(214) 995-7121,749 Smith Store St.
Alyssa Riley,Chicago,IL,(316) 884-5178,547 Overlook Street
Amani Mcfarland,Austin,TX,(504) 920-5997,852 Alderwood Ave.
Amari Hayden,Jacksonville,FL,(894) 817-1446,701 Shirley Dr.
Amari Lowe,New York City,NY,(320) 651-0229,957 West Ridgeview Ave.
Amaris Parsons,San Jose,CA,(785) 676-9659,201 S. Bellevue Lane
Amiah Potts,San Diego,CA,(952) 303-2583,165 Maple Ave.
Amina George,Columbus,OH,(511) 669-3751,839 Shadow Brook Ave.
Amir Shaffer,Los Angeles,CA,(722) 847-8973,479 Hudson Ave.
Amiya Soto,Chicago,IL,(605) 840-8943,440 Penn St.
Amiyah Munoz,Los Angeles,CA,(507) 682-4278,241 Baker St.
Amy Lynn,Nashville,TN,(273) 352-2497,62 Adams St.
Amya Todd,Fort Worth,TX,(211) 690-4093,983 Winchester Dr.
Ana Stephenson,Jacksonville,FL,(660) 897-4197,293 Clark Ave.
Anabella Reynolds,Las Vegas,NV,(618) 281-2653,134 Schoolhouse Street
Anahi Odonnell,Nashville,TN,(385) 396-5786,548 Brown Ave.
Anaya Hamilton,Nashville,TN,(599) 638-7691,317 Princeton Drive
Anderson Haas,Nashville,TN,(530) 654-5952,572 Summerhouse Ave.
Andres Bass,Seattle,WA,(229) 907-8790,959 Pearl St.
Andrew Huynh,San Jose,CA,(421) 923-0423,314 West Manhattan Drive
Andy Barajas,Memphis,TN,(992) 253-6259,53 Taylor Ave.
Angel Wang,Los Angeles,CA,(900) 396-9573,514 Pennsylvania Road
Angela Landry,Nashville,TN,(818) 270-9791,391 Shore Drive
Angelica Cameron,San Diego,CA,(817) 262-0577,58 North Littleton Ave.
Angeline Coleman,Las Vegas,NV,(521) 907-7368,136 North Jennings Dr.
Angelo Nelson,Boston,MA,(606) 399-8847,402 Meadowbrook Street
Anika Trujillo,San Francisco,CA,(462) 568-9142,365 West St Paul St.
Anna Zavala,Indianapolis,IN,(743) 743-3445,453 Princeton Drive
Annabelle Walls,Fort Worth,TX,(601) 866-0286,423 Pumpkin Hill Rd.
Annalise Roth,Indianapolis,IN,(393) 622-3445,963 Silver Spear Rd.
Anne Hutchinson,Fort Worth,TX,(380) 241-9666,414 Meadowbrook Street
Annie Franco,Jacksonville,FL,(386) 667-1706,367 East St.
Antony Lindsey,Philadelphia,PA,(728) 983-7803,815 Studebaker Drive
Anya Jarvis,Nashville,TN,(352) 679-2304,62 Mill Ave.
April Gould,Los Angeles,CA,(811) 582-8200,196 Brown Street
Arabella Wilkerson,New York City,NY,(376) 823-5873,737 Kingston Road
Ariana Erickson,Philadelphia,PA,(496) 290-2726,53 West Rockville Ave.
Ariel Massey,Charlotte,NC,(752) 724-5225,177 Rose Street
Ariel Zamora,Los Angeles,CA,(391) 910-9666,220 Bayport Dr.
Ariella David,Boston,MA,(212) 971-5086,586 Carriage Street
Arielle Cannon,Chicago,IL,(480) 909-9998,878 Linda St.
Armando Hicks,San Diego,CA,(786) 658-4845,952 Woodside Road
Aron Hatfield,Fort Worth,TX,(902) 348-0960,784 West Ashley Rd.
Aryan Farmer,San Francisco,CA,(208) 376-1054,788 Poor House St.
Aryana Calhoun,Denver,CO,(560) 447-6464,824 East Sierra Ave.
Aryanna Sampson,San Jose,CA,(597) 662-4655,785 Walnutwood St.
Asa Blackburn,San Antonio,TX,(847) 621-9567,173 Oakwood St.
Ashlee Arnold,Fort Worth,TX,(371) 435-7869,262 Kirkland Court
Ashleigh Ramirez,Las Vegas,NV,(477) 559-0853,739 Aspen St.
Ashly Herman,New York City,NY,(522) 815-6334,267 Bayport Dr.
Ashlyn Mosley,El Paso,TX,(263) 237-0034,726 Rocky River Dr.
Asia Duke,Memphis,TN,(529) 261-2897,2 John St.
Athena Moran,Jacksonville,FL,(548) 642-9555,634 West Newcastle St.
August Phelps,El Paso,TX,(601) 358-1322,708 Sycamore St.
Ava Ho,Phoenix,AZ,(842) 825-5436,892 Broad St.
Avah Freeman,Denver,CO,(815) 673-7915,993 Alton Lane
Avery Neal,Columbus,OH,(620) 773-0178,185 East Sierra Ave.
Avery Travis,El Paso,TX,(749) 287-3474,463 W. St Louis Lane
Axel Bautista,New York City,NY,(920) 955-5881,619 West Second Dr.
Ayaan Boyer,New York City,NY,(201) 727-0904,466 East Magnolia Ave.
Ayanna Mcguire,Columbus,OH,(717) 628-3570,920 St Paul Ave.
Aydan Beck,Boston,MA,(612) 663-8142,269 Oakwood St.
Ayden Arellano,San Diego,CA,(851) 332-7803,207 Rose Street
Aydin Poole,Seattle,WA,(296) 881-3719,172 Hickory St.
Azul White,New York City,NY,(444) 212-2308,689 Adams St.
Bailey Hensley,Jacksonville,FL,(373) 329-4143,348 South Water St.
Baron Aguilar,Charlotte,NC,(282) 545-2193,239 Snake Hill Lane
Barrett Edwards,Indianapolis,IN,(346) 561-4378,718 E. Poor House Drive
Baylee Stanton,San Antonio,TX,(310) 378-3866,649 Brown Street
Beau Hodges,Detroit,MI,(509) 862-7970,739 West Harrison Drive
Beckett Chandler,Charlotte,NC,(717) 419-1373,320 Sherman Ave.
Belen Kerr,Charlotte,NC,(601) 419-4656,768 Dogwood Ave.
Belinda Hardin,Dallas,TX,(292) 770-1446,713 Rockledge St.
Bella Garcia,Jacksonville,FL,(211) 679-4044,279 Inverness Ave.
Bentley Owens,Denver,CO,(667) 691-1786,463 Coffee Ave.
Bethany Ewing,Philadelphia,PA,(819) 308-1104,213 North Garden Drive
Bianca Graves,Austin,TX,(279) 999-0075,229 Newcastle Street
Blake Holland,Las Vegas,NV,(603) 241-6413,407 Bayport Dr.
Bo Mathews,Houston,TX,(474) 288-9157,840 West Cottage Ave.
Boston Fritz,New York City,NY,(973) 222-8715,762 Main St.
Bradyn Herring,Fort Worth,TX,(648) 972-2622,613 Rockledge Street
Braeden Rivas,San Jose,CA,(207) 934-2639,526 Penn St.
Braelyn Morton,Seattle,WA,(760) 422-2404,232 Center Ave.
Braiden Sloan,San Antonio,TX,(810) 684-5174,691 Morris St.
Branden Weiss,Seattle,WA,(699) 753-7895,370 Edgewood Street
Branson Crawford,El Paso,TX,(252) 866-6874,564 Silver Spear Rd.
Braxton Stephens,Boston,MA,(995) 333-1306,481 West Newcastle St.
Braylon Hanna,Jacksonville,FL,(373) 409-8215,277 South Wellington Ave.
Breanna Benitez,Phoenix,AZ,(373) 442-3024,913 Mayfair Street
Brenda Simon,Dallas,TX,(762) 281-8050,496 Brown Street
Brenden Blackwell,Dallas,TX,(529) 635-7431,123 Jockey Hollow Avenue
Brendon Strickland,Jacksonville,FL,(787) 659-5349,286 Illinois Street
Brenna Hendrix,Seattle,WA,(204) 201-9832,653 Kirkland Rd.
Brennan Jefferson,Las Vegas,NV,(217) 482-9888,256 Sutor Ave.
Bria Tucker,San Francisco,CA,(693) 402-4321,661 Alderwood Ave.
Brian Fleming,Los Angeles,CA,(578) 941-7439,599 South Water St.
Briana Buck,Detroit,MI,(731) 312-8191,372 Marshall St.
Brianna Reyes,Philadelphia,PA,(842) 500-3265,458 Squaw Creek Ave.
Bridger Garrett,Houston,TX,(301) 273-8902,206 North San Juan Dr.
Bridget Burgess,Austin,TX,(524) 433-3186,868 University Road
Brisa Townsend,Indianapolis,IN,(506) 613-7142,374 Willow St.
Brittany Norton,Chicago,IL,(213) 231-9544,343 Bayport St.
Brock Best,Las Vegas,NV,(947) 651-1534,110 Sherman Ave.
Broderick Palmer,Denver,CO,(547) 225-6300,446 Marvon Ave.
Brooke Ross,Jacksonville,FL,(336) 722-2841,501 Fairway St.
Brooklyn Blevins,El Paso,TX,(873) 921-7891,888 SE. Woodside St.
Brooklynn Graham,San Diego,CA,(568) 502-4389,410 N. Fawn Street
Bruce Watkins,Charlotte,NC,(225) 560-0335,174 Summit Lane
Bryan Henry,Nashville,TN,(754) 837-2233,88 North Garden Drive
Bryce Barnett,Las Vegas,NV,(867) 820-3639,246 Wentworth Dr.
Brycen Carson,Charlotte,NC,(352) 740-1636,656 Carriage Street
Brynn Hancock,Columbus,OH,(711) 449-8408,807 Golden Star St.
Bryson Cox,San Jose,CA,(222) 368-3105,441 West Second Dr.
Byron Spears,El Paso,TX,(631) 991-7387,354 Schoolhouse St.
Cade Oconnell,El Paso,TX,(329) 894-7522,723 W. Creekside Street
Cale Newman,New York City,NY,(450) 263-5164,696 West Depot Lane
Caleb Stone,San Diego,CA,(811) 268-9753,112 Rocky River Dr.
Callie Becker,San Diego,CA,(315) 234-4436,576 Hartford Court
Calvin Tanner,Charlotte,NC,(909) 776-6426,642 Hudson Ave.
Camilla Boyle,Boston,MA,(532) 557-2472,572 Pearl St.
Camille Chung,Jacksonville,FL,(958) 708-5662,644 Cooper Street
Camryn Whitney,Philadelphia,PA,(253) 251-7033,463 Stillwater Lane
Cara Bender,Dallas,TX,(354) 916-5628,456 Willow St.
Carl Cooke,Austin,TX,(698) 951-9800,382 Wakehurst St.
Carlee Blake,El Paso,TX,(286) 286-5494,679 West Manhattan Drive
Carlie Middleton,Philadelphia,PA,(929) 342-4592,904 Bayport St.
Carly Newton,Nashville,TN,(769) 935-1703,947 Pacific Lane
Carmelo Scott,San Francisco,CA,(519) 756-3347,898 School Lane
Carolina Bates,Las Vegas,NV,(606) 232-5419,889 North Jennings Dr.
Carson Williams,Philadelphia,PA,(471) 307-3540,867 Mill Ave.
Casey Rollins,New York City,NY,(648) 794-0981,300 West Brickell Lane
Cason Simmons,Columbus,OH,(556) 797-5836,574 Snake Hill Lane
Cayden Fowler,Boston,MA,(982) 833-0105,943 West Newcastle St.
Cedric Robles,Phoenix,AZ,(327) 641-8396,171 Hudson Ave.
Celeste Callahan,Seattle,WA,(757) 545-2286,130 Kingston Road
Cesar Avery,Dallas,TX,(447) 489-1983,303 Birchpond Street
Chace Vargas,Jacksonville,FL,(285) 275-1522,39 Baker Avenue
Chaim Chambers,Denver,CO,(607) 224-0327,99 Cottage Drive
Chance Shannon,San Diego,CA,(578) 748-6079,643 Meadowbrook Street
Chandler Moyer,New York City,NY,(660) 330-3399,121 Nichols Lane
Charlee Parker,Boston,MA,(734) 389-9206,385 South Water St.
Charles Woods,El Paso,TX,(935) 396-1745,118 Evergreen St.
Charlie Ashley,Chicago,IL,(833) 858-5456,521 Military Ave.
Charlotte Barnes,San Jose,CA,(559) 862-8239,146 Willow St.
Chase Wise,Philadelphia,PA,(550) 692-2109,385 S. Rosewood Road
Chasity Copeland,San Diego,CA,(643) 593-2713,862 West Ridgeview Ave.
Chaz Russo,San Jose,CA,(881) 900-4842,770 Marvon Ave.
Chelsea Sharp,Jacksonville,FL,(336) 588-9171,728 Jennings Ave.
Cherish Reeves,Phoenix,AZ,(715) 583-9417,568 S. Glen Eagles Avenue
Chloe Huang,Los Angeles,CA,(397) 513-3234,331 Madison Ave.
Christian Pena,San Francisco,CA,(893) 655-4531,614 Kent Road
Christina Galvan,Dallas,TX,(367) 692-7043,920 West Race St.
Christopher Manning,San Francisco,CA,(711) 828-0037,83 Piper St.
Cierra Wallace,Seattle,WA,(904) 584-5527,338 Gainsway Rd.
Cindy Chang,Philadelphia,PA,(915) 346-3902,241 Peninsula Street
Clarissa Frazier,Boston,MA,(426) 815-2493,588 Bayberry St.
Clayton Hubbard,Fort Worth,TX,(848) 537-2173,383 West 10th Lane
Clinton Cunningham,Nashville,TN,(596) 796-7246,813 Rose Street
Coby Meyer,Charlotte,NC,(665) 997-9817,125 East Gulf Ave.
Cole Webb,Memphis,TN,(496) 947-2471,937 Kingston Road
Coleman Rush,Chicago,IL,(324) 387-1521,941 Silver Spear Rd.
Colin Hinton,Indianapolis,IN,(473) 477-3637,2 E. Hill Field Court
Colten Booth,Boston,MA,(542) 607-1294,255 Woodside Road
Colton Cruz,Chicago,IL,(514) 728-7789,203 Addison Drive
Conner Joyce,Seattle,WA,(336) 459-8493,620 Brookside St.
Conrad Shepherd,Las Vegas,NV,(764) 357-5103,289 Wayne Rd.
Cooper Franklin,Los Angeles,CA,(778) 557-4688,417 West Ridgeview Ave.
Cordell Orr,San Diego,CA,(737) 891-7557,830 Ann Lane
Corey Schultz,Las Vegas,NV,(643) 795-8663,94 North Rockledge Dr.
Cornelius Chase,Fort Worth,TX,(461) 899-2670,611 E. Harvey St.
Craig Bush,Charlotte,NC,(329) 356-5869,450 Arlington St.
Cristal Sanford,New York City,NY,(965) 496-4085,333 Brown Street
Cristian Simpson,Boston,MA,(570) 203-5459,540 Van Dyke Ave.
Cristina Beasley,Austin,TX,(416) 748-6175,503 Inverness Ave.
Crystal Tate,Seattle,WA,(498) 448-6425,664 Sherman Street
Cullen Fitzgerald,San Jose,CA,(386) 757-4545,888 Princeton Drive
Cynthia Frey,Philadelphia,PA,(210) 518-6111,836 W. Gonzales Court
Dakota Key,San Francisco,CA,(601) 726-5183,913 Overlook Street
Dakota Wall,Los Angeles,CA,(843) 455-7912,954 Bay Lane
Dalia Gaines,Chicago,IL,(276) 596-5868,79 Front St.
Damarion Chen,Dallas,TX,(986) 748-2313,159 York Street
Damaris Gilmore,Seattle,WA,(344) 992-8076,622 Marlborough St.
Damien Aguirre,Nashville,TN,(644) 701-2999,628 Sherman Ave.
Dana Ferguson,San Antonio,TX,(651) 568-7007,922 W. Creekside Street
Dane Harmon,Chicago,IL,(259) 370-2103,584 Arrowhead St.
Dania Choi,Charlotte,NC,(498) 805-5328,482 Tallwood Street
Danica Bean,Phoenix,AZ,(674) 788-6886,674 Grand Dr.
Daniel Miranda,Fort Worth,TX,(632) 494-6666,601 Valley Rd.
Danny Mann,Boston,MA,(666) 812-6774,951 North Rockledge Dr.
Dante Larson,Houston,TX,(209) 403-9326,913 Maple Ave.
Daphne Richards,Los Angeles,CA,(491) 493-3387,714 Grand Dr.
Darian Cobb,Fort Worth,TX,(308) 523-4416,255 Galvin Rd.
Darien Lowery,Boston,MA,(248) 673-2574,833 Manhattan St.
Darius Sims,Columbus,OH,(345) 827-9444,90 West Manhattan Drive
Darnell Monroe,Columbus,OH,(610) 447-5416,810 Sherman Street
Darrell Vance,Charlotte,NC,(481) 590-1733,831 Lafayette Street
Darwin Douglas,Philadelphia,PA,(764) 800-2269,28 N. San Pablo Ave.
Davon Oneill,Philadelphia,PA,(936) 585-4977,403 Rockledge St.
Dayana Oconnor,Austin,TX,(811) 986-1135,10 Kingston Road
Deacon Lane,Dallas,TX,(801) 211-7898,358 Winchester Dr.
Deandre Hunt,Los Angeles,CA,(316) 700-6198,869 W. Creekside Street
Deangelo Joseph,Columbus,OH,(459) 699-8599,295 Bay Meadows Avenue
Declan Everett,Houston,TX,(286) 546-5208,810 Brickell Dr.
Deegan Booker,Memphis,TN,(611) 806-0354,357 Pilgrim St.
Delilah Krueger,New York City,NY,(790) 778-8318,928 Adams St.
Demarcus Davila,Detroit,MI,(294) 559-9635,736 Bay Meadows Avenue
Demarion Gentry,Indianapolis,IN,(906) 341-6292,126 West Second Dr.
Demetrius Esparza,Phoenix,AZ,(849) 931-0584,502 Old Main St.
Denisse Buckley,Jacksonville,FL,(618) 717-8635,716 Beechwood Street
Dennis Barry,Columbus,OH,(234) 536-6143,363 Lake View Street
Denzel Brennan,El Paso,TX,(455) 988-4881,302 Sherman Street
Derick Bauer,Dallas,TX,(456) 496-9893,658 Wintergreen St.
Derrick Mack,Charlotte,NC,(895) 274-2998,621 Kirkland Court
Deshawn Steele,New York City,NY,(477) 548-0362,242 Studebaker Drive
Desmond Marsh,Fort Worth,TX,(916) 912-9162,305 St Paul Ave.
Destiney Andersen,Austin,TX,(443) 391-7044,105 Alderwood Ave.
Deven Gonzalez,San Jose,CA,(505) 532-9251,23 Green Hill Court
Devin Singh,Chicago,IL,(734) 978-1811,55 Overlook Street
Devon Frost,Phoenix,AZ,(981) 413-5547,639 Bay Meadows Avenue
Diego Gallagher,Denver,CO,(320) 209-6491,9 North Pendergast Court
Dilbar S. Turna,San Diego,CA,(732) 555-1000,55 Sycamore Rd
Dillan Black,San Diego,CA,(680) 528-1356,833 Grand Dr.
Dillon Rodriguez,Fort Worth,TX,(946) 713-7496,8 Homewood Street
Dixie Mason,Fort Worth,TX,(915) 984-8658,460 Summerhouse Ave.
Diya Mcdonald,San Antonio,TX,(486) 487-5027,207 Prince St.
Dominic Dennis,El Paso,TX,(569) 337-5668,227 State Street
Dominick Howell,San Diego,CA,(822) 774-3173,338 Marsh Dr.
Dominik Khan,Columbus,OH,(661) 678-9142,987 Hillside St.
Donavan Moody,Phoenix,AZ,(510) 648-3860,969 East Rockledge St.
Donna Doyle,San Diego,CA,(343) 958-3866,414 Brown Street
Donovan Snow,Boston,MA,(485) 662-9397,914 Linda St.
Douglas Schwartz,Austin,TX,(439) 486-9056,667 Brown Street
Drake Bell,Austin,TX,(215) 501-3811,819 John St.
Duncan Willis,San Diego,CA,(254) 603-0690,663 Shirley Rd.
Dwayne Dawson,Columbus,OH,(823) 590-1584,991 Dogwood St.
Eduardo Garrison,Philadelphia,PA,(803) 922-5066,107 Essex Street
Edwin Wolf,Dallas,TX,(207) 402-3177,506 Pilgrim St.
Eileen Clay,Boston,MA,(438) 636-9718,379 East Magnolia Ave.
Elaine Vega,Philadelphia,PA,(552) 982-3120,163 Princeton Drive
Eli Day,Detroit,MI,(780) 661-5128,616 Silver Spear Rd.
Eliezer Lawrence,Chicago,IL,(863) 333-9198,589 Tallwood Street
Elisa Casey,Dallas,TX,(808) 787-7277,197 Deerfield Rd.
Elise Ruiz,Phoenix,AZ,(726) 576-4782,859 Kent Road
Elisha Weaver,San Jose,CA,(563) 658-3747,357 Alderwood Ave.
Eliza Kaufman,San Antonio,TX,(399) 855-9807,860 Wentworth Dr.
Ella Brewer,Charlotte,NC,(572) 325-7587,258 West Harrison Drive
Elle Case,Nashville,TN,(908) 937-7146,911 Alderwood Ave.
Ellen Rich,Memphis,TN,(520) 832-1446,48 Princeton Drive
Elliana Ball,Nashville,TN,(619) 627-6754,918 John St.
Ellie Melendez,Houston,TX,(378) 514-7177,784 Old Main St.
Elliot Harris,Nashville,TN,(372) 354-3113,79 Center Ave.
Elliott Hodge,Phoenix,AZ,(881) 343-8801,242 Bayport St.
Elsa Compton,San Diego,CA,(490) 396-5521,870 Walnutwood St.
Emanuel Kennedy,Detroit,MI,(501) 669-6822,722 Baker Avenue
Emely Fischer,Philadelphia,PA,(520) 686-4240,220 Center Ave.
Emerson Carroll,Jacksonville,FL,(757) 320-8337,499 John St.
Emilee Good,San Antonio,TX,(318) 419-5407,410 Wentworth Dr.
Emilia Montgomery,San Antonio,TX,(235) 501-7255,452 W. Gonzales Court
Emilio Snyder,Dallas,TX,(700) 555-8056,381 Marsh Dr.
Emma Waller,Phoenix,AZ,(212) 480-6380,778 John St.
Emmalee Solis,Denver,CO,(918) 276-0228,533 Pulaski St.
Emmanuel French,Denver,CO,(231) 770-1592,293 W. Willow Ave.
Emmett Gillespie,Philadelphia,PA,(898) 499-8593,638 Lyme St.
Enrique Short,Philadelphia,PA,(693) 867-9372,750 W. Thompson St.
Erick Levine,New York City,NY,(226) 626-4825,735 Lyme St.
Erika Hester,Denver,CO,(972) 708-5321,743 Brown Street
Erin Pitts,Phoenix,AZ,(689) 239-9658,350 Kirkland Rd.
Ernest Morse,Chicago,IL,(368) 208-3122,894 Littleton Court
Ernesto Peck,San Antonio,TX,(631) 376-9087,48 Van Dyke Ave.
Esmeralda Mendoza,San Antonio,TX,(758) 684-2069,699 Hudson Ave.
Esperanza Rubio,Columbus,OH,(404) 238-3318,584 East Magnolia Ave.
Essence Myers,Chicago,IL,(442) 313-1839,595 Surrey Street
Esther Lewis,Philadelphia,PA,(901) 518-3292,408 Aspen St.
Ethan Wiley,Columbus,OH,(880) 606-7670,663 Lancaster St.
Ethen Craig,San Jose,CA,(644) 979-4855,783 Canterbury St.
Evelin Sanchez,Fort Worth,TX,(388) 276-2502,469 East Magnolia Ave.
Evelyn Cardenas,Houston,TX,(555) 312-5554,379 Beechwood Street
Evie Henson,San Diego,CA,(919) 627-0592,673 North San Juan Dr.
Ezra Zuniga,Fort Worth,TX,(588) 681-0360,186 West Brickell Lane
Faith Hahn,San Diego,CA,(219) 711-8017,851 Hall Road
Felicity Meadows,Las Vegas,NV,(742) 854-2074,734 Woodside Road
Felipe House,San Diego,CA,(962) 898-2000,648 Jockey Hollow Avenue
Finley Mccarty,Denver,CO,(226) 370-0133,681 West Depot Lane
Finley Ware,San Jose,CA,(724) 428-4265,535 Gainsway St.
Finnegan Lara,Boston,MA,(446) 745-7402,218 West Race St.
Fisher Pham,Detroit,MI,(339) 352-5111,590 John St.
Francesca Werner,San Antonio,TX,(258) 820-1841,233 John St.
Franco Washington,Jacksonville,FL,(802) 243-0113,105 Grand Dr.
Frank Kelly,Las Vegas,NV,(324) 946-6944,46 Lyme St.
Frederick Shepard,Jacksonville,FL,(978) 808-2746,520 Willow St.
Frida Mays,Dallas,TX,(917) 279-6847,360 West Ashley Rd.
Gabriel Olsen,Denver,CO,(445) 940-0450,398 Brown Street
Gabriela Hunter,Detroit,MI,(308) 781-8941,698 Inverness Ave.
Gage Sparks,New York City,NY,(878) 985-3926,692 West Brickell Lane
Gavin Avila,Seattle,WA,(321) 655-5709,74 Inverness Ave.
Gavyn Dunn,Dallas,TX,(742) 983-5843,614 W. St Louis Lane
Genesis Frye,Memphis,TN,(250) 501-7052,260 W. Gonzales Court
George Villa,Detroit,MI,(945) 482-3086,750 Foxrun Street
Georgia Boone,Philadelphia,PA,(233) 501-5215,929 Clark Ave.
Gerardo Castillo,Austin,TX,(790) 648-0844,857 N. San Pablo Ave.
German Ingram,Seattle,WA,(558) 702-5471,141 Beechwood Street
Gia Rasmussen,San Diego,CA,(674) 501-4357,829 Shadow Brook Ave.
Giada Ellison,Boston,MA,(642) 305-8100,64 Homewood Street
Giana Osborne,Memphis,TN,(890) 745-7535,205 Wayne Rd.
Gilbert Bailey,Columbus,OH,(677) 222-5044,398 Old Main St.
Gilberto Bullock,Dallas,TX,(740) 244-4895,809 Manhattan St.
Giovanny Byrd,Chicago,IL,(612) 242-4892,164 West Ashley Rd.
Giselle Logan,El Paso,TX,(439) 254-5606,684 Alderwood Ave.
Giuliana Kent,Boston,MA,(631) 473-5665,907 Lawrence Ave.
Glenn Conner,Chicago,IL,(894) 426-9883,777 Snake Hill Lane
Gloria Mills,San Antonio,TX,(534) 562-4861,693 Lancaster St.
Gordon Barker,Los Angeles,CA,(783) 918-9087,125 N. Fawn Street
Gracelyn Ward,Jacksonville,FL,(517) 726-3946,962 Old Richardson Dr.
Grant Cummings,Dallas,TX,(700) 556-9390,981 East St.
Grayson Flowers,El Paso,TX,(755) 484-2508,39 State Street
Greta Holt,San Jose,CA,(958) 410-7691,220 Shadow Brook Ave.
Gretchen Koch,New York City,NY,(965) 673-7990,839 Poor House St.
Greyson Hammond,Philadelphia,PA,(502) 741-2778,766 Arlington St.
Guadalupe Bray,Charlotte,NC,(646) 459-5781,412 Goldfield St.
Guillermo Cline,Las Vegas,NV,(949) 667-4587,858 Ann Lane
Gustavo Vazquez,Boston,MA,(809) 698-7597,672 Euclid Drive
Gwendolyn Mccoy,Indianapolis,IN,(967) 594-6072,379 South Ridge Ave.
Hadassah Beard,Detroit,MI,(487) 497-6837,239 Cottage Drive
Haiden Holden,Denver,CO,(202) 619-2578,448 Broad St.
Haleigh Velazquez,Chicago,IL,(865) 840-4352,659 N. Purple Finch Court
Halle Mullen,Memphis,TN,(547) 399-7226,223 Beechwood Street
Hana Lopez,Seattle,WA,(922) 770-6340,667 Cemetery Drive
Harley Woodward,Chicago,IL,(263) 647-9315,783 Ann Lane
Harper Moses,Philadelphia,PA,(306) 900-5644,505 Lawrence Ave.
Hassan Brandt,Jacksonville,FL,(306) 359-2845,268 West Rockville Ave.
Haven Sullivan,New York City,NY,(861) 309-8008,578 Bay Lane
Hayden Petersen,Houston,TX,(743) 653-0514,636 North Littleton Ave.
Heath Leon,New York City,NY,(851) 382-6474,645 Bay Meadows Avenue
Heaven Bowers,Fort Worth,TX,(658) 505-4219,125 Jennings Ave.
Hector Mccullough,New York City,NY,(530) 878-5072,108 Fairway St.
Heidy Rosario,Los Angeles,CA,(552) 514-2987,990 W. Willow Ave.
Helen Oliver,San Antonio,TX,(396) 782-7336,398 Essex Street
Helena Weber,Nashville,TN,(927) 324-3781,710 Brookside St.
Henry Taylor,San Francisco,CA,(761) 722-6766,421 Strawberry St.
Holden Mcconnell,Houston,TX,(227) 594-8236,198 Mill Ave.
Howard Cross,Columbus,OH,(773) 574-6736,109 Swanson Lane
Hudson Bradford,Las Vegas,NV,(335) 933-3905,657 Aspen St.
Hugo Greene,Seattle,WA,(907) 558-3328,254 Wayne Rd.
Hunter English,Seattle,WA,(429) 949-3636,676 Inverness Ave.
Ibrahim Clayton,El Paso,TX,(422) 414-6710,86 Kirkland Court
Imani Stark,San Francisco,CA,(238) 953-1876,678 Center Ave.
Ingrid Dickerson,Memphis,TN,(877) 782-3508,351 Indian Spring Ave.
Ireland Bird,Memphis,TN,(234) 260-1701,492 West Newcastle St.
Irene Zimmerman,Jacksonville,FL,(871) 292-4865,482 Fairway St.
Iris Ibarra,Austin,TX,(258) 335-8267,887 Fairview St.
Irvin Guzman,Columbus,OH,(595) 819-0233,227 Stillwater Lane
Isabel Young,Houston,TX,(653) 359-1556,804 Silver Spear Rd.
Isabell Dillon,Boston,MA,(968) 937-8098,282 Winchester Dr.
Isabella Flynn,San Jose,CA,(343) 543-1828,563 Tanglewood Court
Isaias Johnston,Los Angeles,CA,(567) 938-6840,400 Gainsway St.
Isis Leblanc,Detroit,MI,(412) 259-8925,34 Lyme St.
Isla Acosta,Columbus,OH,(649) 478-5838,24 Oakwood St.
Israel Parrish,Denver,CO,(580) 627-3739,798 Lake Lane
Issac Rhodes,San Diego,CA,(309) 868-2067,48 John St.
Ivan Howe,Phoenix,AZ,(733) 280-9260,241 Cemetery Drive
Ivy Underwood,Los Angeles,CA,(409) 944-3618,427 Manhattan St.
Iyana Abbott,Columbus,OH,(719) 681-7282,653 Poor House St.
Izabella Dodson,Boston,MA,(906) 442-1462,664 West Devonshire Ave.
Izaiah Nguyen,San Diego,CA,(382) 608-2808,57 Alderwood Ave.
Jabari Pollard,Charlotte,NC,(690) 717-7869,245 Lancaster St.
Jacey Acevedo,Indianapolis,IN,(671) 645-0013,845 S. Bellevue Lane
Jack Kirk,Houston,TX,(693) 242-6345,758 Old Bowman Dr.
Jackson Chan,Nashville,TN,(554) 872-5564,814 Lyme St.
Jacoby Mata,Dallas,TX,(276) 241-7102,795 Wentworth Dr.
Jacqueline Lester,Chicago,IL,(830) 920-6842,974 Tanglewood Court
Jada Lucero,San Jose,CA,(874) 369-8574,939 Carriage Street
Jaden Shields,San Antonio,TX,(297) 449-5573,697 N. San Pablo Ave.
Jadiel Clements,San Francisco,CA,(251) 629-9682,968 Baker St.
Jadyn Dixon,Detroit,MI,(930) 743-6742,503 Hudson Ave.
Jaeden Randall,Boston,MA,(458) 494-3996,224 Wrangler Ave.
Jaelyn Carney,Detroit,MI,(482) 713-9042,809 Poor House St.
Jagger Mcgrath,Boston,MA,(673) 939-1386,97 Rocky River Dr.
Jaime Hurley,San Antonio,TX,(669) 765-3360,986 South Schoolhouse Drive
Jakob Morrow,Philadelphia,PA,(412) 484-7651,681 Shore Drive
Jakobe Warner,Detroit,MI,(743) 678-2174,99 Marlborough St.
Jaliyah Klein,San Francisco,CA,(945) 633-6988,182 Rockledge Street
Jamal Forbes,Chicago,IL,(481) 678-2011,262 North Littleton Ave.
Jamarcus Payne,Los Angeles,CA,(515) 352-7628,198 Marlborough St.
James Roberson,Austin,TX,(937) 602-0654,141 Winchester Dr.
Jameson Gross,Memphis,TN,(454) 752-9872,991 West Ridgeview Ave.
Jamie Braun,San Antonio,TX,(943) 518-4899,120 Marshall St.
Jamiya Davenport,Detroit,MI,(500) 460-9776,827 Harrison St.
Jamya Levy,Denver,CO,(673) 763-6494,444 Pulaski St.
Janae Watson,Indianapolis,IN,(692) 819-3601,384 Gainsway St.
Jane Powell,Los Angeles,CA,(364) 856-4201,342 West Harrison Drive
Janessa Horton,El Paso,TX,(252) 203-4852,44 West Depot Lane
Janiah Mooney,Jacksonville,FL,(646) 823-4389,977 Joy Ridge Street
Janiya Barrera,Seattle,WA,(541) 976-4434,640 Lafayette Street
Jaqueline Ritter,San Diego,CA,(748) 628-4673,789 Beach Road
Jaron Dyer,San Antonio,TX,(648) 773-7385,181 Valley Rd.
Jarrett Norman,Columbus,OH,(838) 822-5731,891 Gainsway St.
Jasiah Calderon,Phoenix,AZ,(237) 824-0214,108 Charles Ave.
Jaslyn Mclean,Memphis,TN,(375) 238-3391,34 Bedford Drive
Jasmine Jimenez,Phoenix,AZ,(512) 445-5781,940 Charles Ave.
Javon Romero,San Antonio,TX,(471) 259-2923,558 E. Poor House Drive
Jax Ayala,Fort Worth,TX,(239) 517-0025,934 Lawrence St.
Jaxson Atkins,San Francisco,CA,(991) 553-3363,109 State Street
Jaycee Benson,Dallas,TX,(539) 979-0264,513 Beechwood Street
Jayda Roy,Houston,TX,(823) 319-0684,817 Summerhouse Ave.
Jaylan Christian,Philadelphia,PA,(432) 853-1469,423 Wayne Rd.
Jaylee Harrison,Indianapolis,IN,(286) 910-6676,895 Pacific Lane
Jayleen Macdonald,Detroit,MI,(963) 675-0028,299 Grand Dr.
Jaylen Hebert,Boston,MA,(641) 680-2641,967 West Manhattan Drive
Jaylene Swanson,Phoenix,AZ,(658) 849-4385,896 Lawrence St.
Jaylin Collier,Detroit,MI,(578) 287-6124,400 Bedford Drive
Jaylin Reese,San Antonio,TX,(475) 508-1286,817 Harrison St.
Jaylyn Grant,Memphis,TN,(212) 678-5834,634 Homewood Court
Jaylynn Proctor,Memphis,TN,(222) 993-7973,498 Jockey Hollow Avenue
Jazlyn Reid,San Diego,CA,(630) 798-2477,182 South Ridge Ave.
Jazlynn Thomas,El Paso,TX,(363) 980-9175,702 Brown Street
Jefferson Walters,Houston,TX,(447) 808-0325,957 Military Ave.
Jeffery Sosa,Fort Worth,TX,(978) 375-3012,486 New Street
Jenna Villarreal,New York City,NY,(999) 544-9859,652 South Schoolhouse Drive
Jenny Reilly,Nashville,TN,(645) 917-8630,1 W. Thompson St.
Jerimiah Griffith,Nashville,TN,(919) 593-6670,906 East Rockledge St.
Jermaine Barr,Seattle,WA,(890) 207-1890,385 West Cottage Ave.
Jerry Farrell,Columbus,OH,(916) 548-9739,397 North Garden Drive
Jesus Glass,Fort Worth,TX,(348) 558-3448,953 Lancaster St.
Jillian Fuller,Nashville,TN,(594) 970-1006,252 San Juan St.
Joanna Robertson,Columbus,OH,(486) 454-6385,812 Wayne Rd.
Jocelyn Blair,Seattle,WA,(339) 286-4031,422 Deerfield Rd.
Jocelynn Davis,San Antonio,TX,(433) 754-7600,568 W. Willow Ave.
Joe Mckee,Chicago,IL,(991) 845-2139,672 Pumpkin Hill Rd.
Joel Haney,Las Vegas,NV,(905) 409-3551,184 Shore Drive
Joey Medina,Indianapolis,IN,(491) 867-1904,226 West Second Dr.
Johan Kelley,Chicago,IL,(723) 640-7171,165 S. Winding Way
Johanna Murillo,Philadelphia,PA,(877) 255-6661,734 S. Glen Eagles Avenue
John Farley,Detroit,MI,(841) 281-8152,300 S. Rosewood Road
Johnathon Vincent,New York City,NY,(441) 275-0945,399 Bear Hill Ave.
Jon Hickman,San Francisco,CA,(889) 461-5641,785 Beach Road
Jonas Bonilla,Seattle,WA,(938) 607-6550,977 Manhattan St.
Jonathan Park,Columbus,OH,(555) 540-3318,231 Birchpond Street
Jordan Friedman,Dallas,TX,(981) 611-1584,419 Walnutwood St.
Jordan Rowe,San Francisco,CA,(442) 339-4109,15 Meadowbrook Street
Jorden Tran,Charlotte,NC,(632) 408-9501,596 Wentworth Dr.
Jordin Gilbert,San Jose,CA,(308) 964-0167,182 Old Richardson Dr.
Jordon Pacheco,Seattle,WA,(541) 211-2821,880 Morris St.
Jordyn Burke,Phoenix,AZ,(402) 428-5860,589 Shub Farm St.
Joshua Prince,Columbus,OH,(295) 796-0794,182 State Street
Josiah Colon,Fort Worth,TX,(315) 918-5944,113 South Wellington Ave.
Josie Horne,Memphis,TN,(308) 681-7106,131 Arrowhead St.
Joslyn Houston,Indianapolis,IN,(500) 415-8926,176 South Wellington Ave.
Jovanni Schneider,Las Vegas,NV,(353) 657-6965,556 West St Paul St.
Jovany Peters,Philadelphia,PA,(494) 826-2924,66 Deerfield Rd.
Joy Sutton,San Diego,CA,(336) 252-1964,933 Illinois Street
Juan Ali,Houston,TX,(829) 268-9183,521 Hartford Court
Judah Luna,San Francisco,CA,(670) 875-6879,884 Bedford Drive
Jude Strong,San Antonio,TX,(629) 544-7061,218 N. San Pablo Ave.
Julia Hooper,Austin,TX,(377) 395-4704,731 Arrowhead St.
Julianna Stevens,San Antonio,TX,(696) 220-6407,11 Roberts Drive
Julianne Burnett,Fort Worth,TX,(424) 277-2320,545 Joy Ridge Street
Julie Dickson,Indianapolis,IN,(232) 446-9012,158 Shirley Dr.
Juliet Orozco,El Paso,TX,(724) 275-1551,24 SE. Woodside St.
Juliette Cochran,Memphis,TN,(460) 708-0230,990 Oakwood St.
Junior Bentley,Memphis,TN,(454) 357-4332,700 Jockey Hollow Avenue
Justice Foster,Philadelphia,PA,(985) 285-9279,654 Second Dr.
Justin Torres,Los Angeles,CA,(251) 291-6924,607 Indian Spring Ave.
Justus Price,San Jose,CA,(202) 213-8331,947 Green Hill Court
Kaden James,Los Angeles,CA,(372) 560-8410,148 West St Paul St.
Kaeden Richard,Houston,TX,(892) 280-4182,897 Roberts Drive
Kael Meyers,Boston,MA,(408) 900-6984,438 Prospect Street
Kaelyn Jordan,Charlotte,NC,(286) 296-9771,237 Swanson Lane
Kaiden Knight,San Jose,CA,(518) 542-1126,819 University Road
Kailyn Perkins,Indianapolis,IN,(576) 874-8395,257 West 10th Lane
Kaitlin Duncan,Los Angeles,CA,(778) 273-7464,164 S. Rosewood Road
Kaitlynn Schaefer,Los Angeles,CA,(798) 339-8073,791 Wintergreen St.
Kaiya Blankenship,Austin,TX,(408) 434-1249,161 Carriage Street
Kale Maynard,Los Angeles,CA,(720) 783-4660,795 Center Ave.
Kaley Knox,Philadelphia,PA,(549) 615-4144,61 W. Thompson St.
Kali Nash,Charlotte,NC,(927) 849-3445,29 North Littleton Ave.
Kaliyah Mendez,Chicago,IL,(864) 584-2376,702 St Paul Ave.
Kameron Arias,El Paso,TX,(477) 703-3368,95 Peninsula Street
Kamron Richmond,San Francisco,CA,(738) 524-0525,958 South Ridge Ave.
Kamryn Williamson,Fort Worth,TX,(527) 577-8691,640 Snake Hill Lane
Kareem Meza,Denver,CO,(604) 611-4555,699 3rd Street
Karissa Cherry,Phoenix,AZ,(579) 825-9238,25 Military Ave.
Karla Liu,San Diego,CA,(213) 279-6451,7 Glen Creek Dr.
Karly Costa,Indianapolis,IN,(536) 890-9474,119 Summerhouse Ave.
Karson Alvarado,Indianapolis,IN,(875) 611-5735,853 Swanson Lane
Karsyn Curtis,El Paso,TX,(384) 409-5926,529 Homewood Court
Karter Fletcher,Phoenix,AZ,(395) 395-2119,356 West Rockville Ave.
Kasey Browning,Boston,MA,(846) 698-5044,526 Summit Lane
Kate Weeks,Seattle,WA,(768) 812-9335,207 Marshall St.
Katelynn Pace,Houston,TX,(894) 485-3877,804 Baker Avenue
Kathryn Small,Jacksonville,FL,(424) 453-5386,803 Lyme St.
Kathy Alexander,Charlotte,NC,(935) 593-4795,555 East Rockledge St.
Katrina Garner,Los Angeles,CA,(616) 214-2162,334 Walnutwood St.
Kayden Fuentes,San Jose,CA,(839) 252-8511,265 Broad St.
Kaylah Bolton,New York City,NY,(528) 805-2688,572 N. Purple Finch Court
Kaylee Huber,Denver,CO,(421) 453-3650,34 Green Hill Court
Kayley Guerra,San Antonio,TX,(417) 757-0034,50 Coffee Ave.
Kaylyn Roberts,Las Vegas,NV,(482) 896-4064,930 Schoolhouse St.
Kaylynn Baxter,El Paso,TX,(212) 855-6310,565 West Race St.
Keagan Carlson,Denver,CO,(267) 844-9567,192 West 10th Lane
Keegan Eaton,Nashville,TN,(890) 320-5276,354 Airport Court
Keely Mckay,Las Vegas,NV,(579) 986-3802,3 Walnutwood St.
Keenan Valenzuela,New York City,NY,(796) 759-2573,655 Bayport St.
Kellen Mitchell,Nashville,TN,(975) 589-4447,609 Goldfield St.
Kelsey Martin,Charlotte,NC,(499) 734-8363,363 Illinois Street
Kelsie Bernard,Fort Worth,TX,(888) 438-5064,87 Rockcrest Rd.
Kelton Salinas,San Diego,CA,(263) 419-6376,373 Jones Ave.
Kendal Duarte,Los Angeles,CA,(580) 389-0660,100 Pennsylvania Road
Kendra Smith,Seattle,WA,(231) 686-2177,241 Hudson Ave.
Kendrick Campos,Dallas,TX,(565) 749-6422,954 North Littleton Ave.
Kenna Wood,Memphis,TN,(688) 543-5695,421 Hamilton Street
Kennedi Melton,Indianapolis,IN,(937) 915-6169,681 Evergreen St.
Kennedy Contreras,Chicago,IL,(223) 980-8418,675 Lake Lane
Kenny Pruitt,San Francisco,CA,(626) 767-8170,508 Strawberry St.
Kenyon Wiggins,Boston,MA,(785) 686-3235,524 Studebaker Drive
Keon Collins,San Francisco,CA,(592) 662-3022,484 Bayberry St.
Kevin Buchanan,San Francisco,CA,(554) 977-3238,248 Kingston Road
Keyla Mcdowell,Las Vegas,NV,(495) 737-5220,93 Surrey Street
Keyon Suarez,Seattle,WA,(446) 867-0614,62 N. San Pablo Ave.
Khalil King,Jacksonville,FL,(442) 693-6781,705 Homewood Street
Khloe Mcbride,Columbus,OH,(865) 542-1238,60 Bay Meadows Avenue
Kian Mercado,El Paso,TX,(838) 324-8822,123 West Cottage Ave.
Kiana Lee,El Paso,TX,(585) 458-4241,842 Sutor Ave.
Kianna Wade,Boston,MA,(563) 700-5777,868 East Rockledge St.
Kiara Barton,Houston,TX,(434) 954-4473,196 West Brickell Lane
Kieran Barber,Dallas,TX,(378) 474-6974,23 Old Bowman Dr.
Kiersten Ramos,Charlotte,NC,(316) 307-7947,891 Linda St.
Kiley Macias,San Francisco,CA,(442) 640-3824,972 Grand Dr.
Killian Mueller,Memphis,TN,(277) 500-1699,346 West Newcastle St.
King Rodgers,Los Angeles,CA,(460) 291-3396,362 N. San Pablo Ave.
Kinley Gonzales,Austin,TX,(262) 239-9361,810 Poor House St.
Kira Mcknight,Chicago,IL,(945) 355-2211,122 Kingston Road
Kirsten Anthony,Columbus,OH,(347) 724-0329,643 Birchpond Street
Kolby Harvey,Houston,TX,(733) 531-2848,58 Clark Ave.
Konner Cisneros,Fort Worth,TX,(445) 706-0198,753 Joy Ridge Street
Krish Fry,Dallas,TX,(408) 943-8932,723 Grand Dr.
Kristen Cowan,Austin,TX,(615) 875-0538,277 Bedford Drive
Kristina Hayes,Jacksonville,FL,(762) 243-4612,138 E. Harvey St.
Kyan Villanueva,Boston,MA,(603) 641-9195,592 East Sierra Ave.
Kyle Berg,San Jose,CA,(519) 621-7193,610 Blue Spring Court
Kylee Adkins,New York City,NY,(916) 275-5296,743 Shore Drive
Kyler Conrad,Columbus,OH,(692) 651-3204,889 Brown Street
Kylie Frank,San Francisco,CA,(834) 969-7095,63 University Road
Kymani Nixon,Las Vegas,NV,(457) 897-2162,672 West Manhattan Drive
Kyra Olson,Indianapolis,IN,(703) 803-8454,608 Wrangler Ave.
Lacey Maddox,Indianapolis,IN,(342) 818-5168,169 Studebaker Drive
Lamar Marshall,Charlotte,NC,(467) 916-9182,970 Glen Eagles St.
Lamont Fitzpatrick,Denver,CO,(594) 246-5740,362 West Cottage Ave.
Lana Frederick,New York City,NY,(483) 874-2264,694 Kirkland Court
Landen Arroyo,San Antonio,TX,(380) 621-9777,163 Summit Lane
Landin Hurst,Dallas,TX,(234) 238-8612,968 West Ashley Rd.
Landyn Pope,Indianapolis,IN,(453) 299-1161,97 Wakehurst St.
Lane Phillips,Denver,CO,(620) 470-0675,313 Evergreen St.
Larissa Wyatt,Charlotte,NC,(331) 387-9333,46 Coffee Ave.
Larry Armstrong,Indianapolis,IN,(307) 817-8758,208 S. Bellevue Lane
Laura Finley,Charlotte,NC,(678) 220-3068,341 West Brickell Lane
Lauren Cantu,Fort Worth,TX,(507) 745-5017,772 University Road
Lawrence Ortiz,Dallas,TX,(389) 841-7377,590 Bay Meadows Avenue
Lawson Branch,Los Angeles,CA,(638) 296-8804,932 Brown Street
Laylah Hull,Denver,CO,(786) 459-9714,100 Addison Drive
Layne Trevino,Los Angeles,CA,(970) 271-5196,412 Baker St.
Layton Howard,San Diego,CA,(446) 797-4438,786 Linda St.
Leanna Osborn,Charlotte,NC,(859) 712-8116,433 Swanson Lane
Leila Welch,San Antonio,TX,(268) 626-0104,684 Sunnyslope Ave.
Leilani Carpenter,Nashville,TN,(248) 940-5179,488 S. Bellevue Lane
Leland Carr,Dallas,TX,(569) 586-0209,105 Mill Ave.
Lennon Daniel,Charlotte,NC,(494) 842-8582,736 Arnold Dr.
Leon Berry,Denver,CO,(202) 679-8855,988 Winchester Dr.
Leonard Boyd,Houston,TX,(619) 989-2388,929 Sunnyslope Ave.
Leonardo Jones,Los Angeles,CA,(400) 989-2791,526 N. Purple Finch Court
Leonel Sexton,New York City,NY,(290) 723-3329,362 East Rockledge St.
Leonidas Huerta,Fort Worth,TX,(779) 956-0552,21 Shirley Rd.
Leroy Merritt,Seattle,WA,(435) 205-6887,612 South Schoolhouse Drive
Leslie Hess,Austin,TX,(908) 309-0307,931 State Street
Levi Camacho,Fort Worth,TX,(516) 597-9722,580 S. Glen Eagles Avenue
Lewis Patel,Boston,MA,(889) 515-1311,405 Brookside St.
Lexie Obrien,Denver,CO,(937) 601-4878,182 Evergreen St.
Liam Hale,Chicago,IL,(250) 360-9974,769 New Saddle Drive
Libby Nicholson,Memphis,TN,(975) 632-2158,553 West Devonshire Ave.
Liberty Dougherty,Chicago,IL,(395) 519-7998,675 Kent Road
Lila Adams,Dallas,TX,(549) 559-9072,244 York Street
Lilia Nolan,Dallas,TX,(495) 652-7950,40 E. Somerset Dr.
Lilian Huffman,Nashville,TN,(246) 663-2273,693 Wayne Rd.
Lilianna Brock,Memphis,TN,(409) 770-0748,829 West Brickell Lane
Lillianna Flores,Seattle,WA,(666) 605-9701,352 Gainsway Rd.
Lillie Jackson,Denver,CO,(271) 795-6090,769 N. Purple Finch Court
Lilly Madden,Philadelphia,PA,(238) 595-8131,922 Shore Drive
Lily Castaneda,Philadelphia,PA,(931) 425-4975,344 Marsh Dr.
Lilyana Evans,San Antonio,TX,(289) 810-3267,872 Rockledge St.
Lina Shea,San Diego,CA,(560) 570-4337,264 Overlook Street
Lindsay Vaughan,Fort Worth,TX,(372) 437-9460,200 Ann Lane
Lizbeth Stein,Jacksonville,FL,(480) 852-0781,372 W. Creekside Street
Logan Daugherty,Las Vegas,NV,(320) 375-3166,430 North Rockledge Dr.
Logan Valentine,Denver,CO,(732) 994-8453,12 Airport Court
London Christensen,Fort Worth,TX,(904) 947-0996,84 East St.
Londyn Harding,Austin,TX,(720) 830-3855,99 Wentworth Dr.
Lorelai Mayer,San Jose,CA,(801) 721-3258,605 Linda St.
Lorelei Leonard,San Jose,CA,(994) 466-4707,392 E. Harvey St.
Lorena Duran,Nashville,TN,(737) 414-2046,357 West Cottage Ave.
Luca Gibbs,Nashville,TN,(744) 921-3270,540 Vine Ave.
Lucas Berger,Nashville,TN,(377) 275-8102,123 Baker St.
Lucia Miller,San Diego,CA,(706) 263-1963,496 Gainsway Rd.
Lucian Grimes,Las Vegas,NV,(757) 821-5135,299 Plumb Branch Drive
Luciana Parks,Jacksonville,FL,(928) 342-2961,333 Sunnyslope Ave.
Lucille Morris,El Paso,TX,(264) 966-6398,4 Wakehurst St.
Luis Tyler,Jacksonville,FL,(830) 233-1905,412 Cedar Dr.
Lukas Hanson,Seattle,WA,(290) 409-4129,437 Overlook Street
Luna Gomez,Los Angeles,CA,(255) 557-4693,277 Wintergreen St.
Lydia Golden,Dallas,TX,(848) 955-8261,510 Wrangler Ave.
Lyric Odom,Indianapolis,IN,(732) 472-3203,106 Cemetery Drive
Macey Knapp,Fort Worth,TX,(426) 313-8400,976 Arnold Dr.
Macy Mcintyre,Nashville,TN,(817) 607-9637,255 Schoolhouse St.
Madalyn Cordova,New York City,NY,(327) 596-0889,305 Valley Rd.
Maddison Robbins,Charlotte,NC,(640) 303-5206,883 Old Richardson Dr.
Madelyn Kline,Las Vegas,NV,(503) 599-6009,402 Nichols Lane
Madelynn Ryan,El Paso,TX,(419) 605-0642,421 Baker St.
Madilyn Hudson,San Antonio,TX,(615) 818-2306,416 Sutor Ave.
Madilynn Wilcox,Phoenix,AZ,(416) 620-1141,207 West St Paul St.
Madisyn Roach,Houston,TX,(842) 800-0020,187 Birchpond Street
Maeve Ramsey,Fort Worth,TX,(420) 371-2875,69 Walnutwood St.
Maia Terrell,San Antonio,TX,(397) 509-3022,939 Wrangler Ave.
Makenzie Gamble,El Paso,TX,(270) 865-9541,356 S. Glen Eagles Avenue
Makhi Cain,Phoenix,AZ,(535) 301-6434,827 Hillside St.
Malachi Guerrero,San Antonio,TX,(907) 550-0847,520 Poor House St.
Malakai Randolph,Boston,MA,(562) 347-0401,572 Linda St.
Malcolm Espinoza,Memphis,TN,(864) 667-0903,374 Manhattan St.
Maleah Bryant,Denver,CO,(661) 695-4369,74 Rocky River Dr.
Malik Mullins,Charlotte,NC,(962) 870-5560,193 West Newcastle St.
Maliyah Spence,San Diego,CA,(223) 441-6053,389 West Ridgeview Ave.
Manuel Hopkins,Detroit,MI,(421) 992-9281,914 West Second Dr.
Marcel Le,San Antonio,TX,(635) 803-6459,362 Lyme St.
Marcelo Mathis,El Paso,TX,(861) 522-4205,220 South Schoolhouse Drive
Marcos Holmes,Detroit,MI,(710) 535-6405,538 Poor House St.
Marcus Wheeler,Boston,MA,(712) 593-5523,146 Nichols Lane
Mareli Baker,Seattle,WA,(729) 485-3940,276 Blue Spring Court
Marely Horn,Austin,TX,(663) 291-5954,20 3rd Street
Maren Rice,Los Angeles,CA,(293) 247-1933,391 South Water St.
Margaret Bright,Dallas,TX,(638) 335-5384,432 East Sierra Ave.
Maria Hill,Detroit,MI,(845) 669-3656,122 Pacific Lane
Mariah Quinn,Charlotte,NC,(425) 831-4249,293 Sherman Ave.
Marilyn Kirby,Nashville,TN,(843) 247-6191,703 Cooper Street
Mario Rowland,San Jose,CA,(960) 787-0012,712 Deerfield Rd.
Marissa Murphy,Austin,TX,(980) 502-5277,788 W. Willow Ave.
Mariyah Mccarthy,Dallas,TX,(380) 923-0278,78 Bear Hill Ave.
Mark Beltran,San Jose,CA,(284) 214-6886,775 South Schoolhouse Drive
Marlene Benjamin,San Antonio,TX,(384) 787-6502,253 Dogwood St.
Marques Mccann,New York City,NY,(316) 708-9591,596 Newcastle Street
Marquise Raymond,Nashville,TN,(987) 914-0110,946 School Lane
Martin Galloway,Detroit,MI,(824) 446-2968,707 East Gulf Ave.
Marvin Johnson,San Jose,CA,(767) 338-1744,285 Adams St.
Maryjane Leach,Las Vegas,NV,(677) 610-7068,146 Lancaster St.
Mason Turner,Detroit,MI,(542) 612-2308,51 Winchester Dr.
Mateo Woodard,Indianapolis,IN,(421) 346-0128,36 Schoolhouse Street
Mathew Bishop,San Jose,CA,(594) 325-7615,464 Poor House St.
Matteo Li,Columbus,OH,(402) 853-5249,97 Bay Meadows Avenue
Matthias Donovan,Nashville,TN,(357) 345-1996,786 Pennsylvania Road
Maurice Shaw,New York City,NY,(814) 229-8949,660 Brookside St.
Mauricio Stanley,Jacksonville,FL,(665) 503-1766,53 Birchpond Street
Maverick Baldwin,Houston,TX,(476) 451-6150,560 Pearl St.
Max Morales,Memphis,TN,(800) 434-5299,864 North Williams Ave.
Maxim Mercer,New York City,NY,(365) 339-4174,863 Pulaski St.
Maximus Montes,Austin,TX,(340) 230-2520,336 Front St.
Maxwell Martinez,New York City,NY,(283) 307-8298,715 North Pendergast Court
Maya Gray,San Jose,CA,(369) 482-5151,811 New Saddle Drive
Mckinley Mcmillan,Seattle,WA,(338) 746-9215,917 Wintergreen St.
Megan Barron,Denver,CO,(798) 867-5242,915 Marsh Dr.
Mekhi Murray,Indianapolis,IN,(391) 450-6766,542 South Ridge Ave.
Melina Chaney,Boston,MA,(716) 789-1950,905 Front St.
Melissa Stokes,Seattle,WA,(299) 671-1206,478 East Magnolia Ave.
Mercedes Thompson,Charlotte,NC,(448) 344-3135,829 East Magnolia Ave.
Meredith Glenn,San Francisco,CA,(776) 829-2853,517 E. Harvey St.
Messiah Daniels,Chicago,IL,(676) 612-1368,254 Vine Ave.
Mia Kramer,Detroit,MI,(908) 828-2927,191 Maple Ave.
Miah Rosales,Seattle,WA,(740) 714-6388,277 Arnold Dr.
Micah Atkinson,Chicago,IL,(865) 701-5089,422 Penn St.
Micah Mccormick,Denver,CO,(562) 960-1327,916 Glen Creek Dr.
Micheal Barrett,Fort Worth,TX,(347) 310-2381,767 Lawrence St.
Michelle Brooks,Dallas,TX,(851) 763-9219,329 East Rockledge St.
Mike Ortega,Boston,MA,(441) 864-4014,878 Dogwood St.
Milagros Montoya,San Francisco,CA,(688) 641-9336,617 Euclid Drive
Milo Harper,Charlotte,NC,(823) 863-4929,494 West Cottage Ave.
Mira Jacobson,El Paso,TX,(345) 635-4307,690 Kirkland Rd.
Miracle Yoder,San Jose,CA,(550) 827-8003,63 New Street
Miranda Robinson,Jacksonville,FL,(816) 348-7062,190 Front St.
Mireya Stuart,Memphis,TN,(694) 961-2077,353 Beechwood Street
Mitchell Lin,Austin,TX,(943) 809-1496,932 Bayport Dr.
Miya Maxwell,Los Angeles,CA,(585) 439-5229,835 Schoolhouse Street
Mohammad Estes,Dallas,TX,(232) 598-8153,963 North San Juan Dr.
Mohammed Stewart,Chicago,IL,(269) 893-9057,419 San Juan St.
Moises Webster,Columbus,OH,(844) 576-7271,70 Addison Drive
Mollie Perry,Columbus,OH,(855) 399-9573,207 3rd Street
Molly Schmitt,Phoenix,AZ,(766) 820-2578,134 Ann Lane
Monique Pittman,Jacksonville,FL,(679) 360-8610,982 North San Juan Dr.
Monserrat Benton,Charlotte,NC,(708) 703-7612,3 Lantern Ave.
Morgan Noble,Chicago,IL,(437) 520-5973,817 East Pendergast St.
Mya Delgado,Phoenix,AZ,(993) 584-2880,428 Carriage Street
Myla Lam,Columbus,OH,(263) 382-4666,860 St Margarets Drive
Myles Johns,Fort Worth,TX,(842) 415-2616,229 Homewood Court
Mylie Waters,Las Vegas,NV,(408) 253-1549,640 Poor House St.
Nancy Sheppard,Nashville,TN,(866) 203-5704,122 Birchpond Street
Natalya Hart,Fort Worth,TX,(882) 336-1104,45 Nichols Lane
Natasha Salas,New York City,NY,(246) 587-4229,872 Nichols Lane
Nathalia Burton,Jacksonville,FL,(401) 507-8590,452 Studebaker Drive
Nathalie Bennett,Denver,CO,(448) 602-7217,449 Wakehurst St.
Nathan Fields,Los Angeles,CA,(416) 283-3299,477 Homewood Court
Nathanael Love,Memphis,TN,(250) 844-4367,114 Roberts Drive
Nathanial Hernandez,Columbus,OH,(823) 548-1548,989 Marsh Dr.
Nathen Nunez,Charlotte,NC,(803) 227-6245,148 Golden Star St.
Nayeli Santana,Houston,TX,(551) 332-4646,932 South Water St.
Nelson Whitehead,Jacksonville,FL,(986) 440-7325,244 Willow St.
Nevaeh Sellers,Las Vegas,NV,(400) 679-9250,696 Old Main St.
Neveah Banks,San Diego,CA,(820) 377-3297,532 Wentworth Dr.
Nicholas Wilkins,Phoenix,AZ,(459) 974-2661,226 Dogwood Ave.
Nickolas Hays,Phoenix,AZ,(970) 469-2885,797 Bay Meadows Avenue
Nico Valencia,Austin,TX,(700) 991-3900,103 West Cottage Ave.
Nicole Kaiser,Memphis,TN,(242) 585-6501,428 West St Paul St.
Nigel Skinner,Houston,TX,(495) 848-2243,660 Foxrun Street
Nikhil Mora,Indianapolis,IN,(274) 794-4309,427 Wakehurst St.
Niko Chavez,San Antonio,TX,(872) 512-1364,596 Plumb Branch Drive
Nikolai Hoffman,Charlotte,NC,(666) 905-5560,49 East Beechwood Avenue
Nikolas Sawyer,Indianapolis,IN,(886) 200-4540,139 Brown Ave.
Nina Mcmahon,Detroit,MI,(264) 581-0633,721 Summerhouse Ave.
Noe Harrell,Seattle,WA,(886) 811-1838,899 Golden Star St.
Noel Wu,New York City,NY,(558) 585-5128,574 West Second Dr.
Nola Warren,San Jose,CA,(427) 505-9722,387 East Pendergast St.
Nora Wolfe,Seattle,WA,(738) 376-2578,578 Sutor Ave.
Odin York,Indianapolis,IN,(544) 357-2327,223 Madison Ave.
Olive Lloyd,Los Angeles,CA,(572) 259-7035,981 Maple Ave.
Oliver Crosby,Charlotte,NC,(650) 472-5349,405 N. Purple Finch Court
Omari Wagner,San Antonio,TX,(757) 394-6584,791 East Rockledge St.
Orlando Lambert,Dallas,TX,(205) 345-8192,256 Sherman Ave.
Owen Villegas,San Diego,CA,(429) 205-5183,867 Gainsway Rd.
Pablo Castro,San Francisco,CA,(391) 227-7706,565 Kirkland Rd.
Paige Terry,Fort Worth,TX,(227) 474-2640,936 Hickory St.
Paola Fox,San Francisco,CA,(247) 468-7689,695 Linda St.
Paris Jacobs,Austin,TX,(749) 977-5895,747 Wakehurst St.
Patricia Cook,Los Angeles,CA,(505) 235-5040,588 Hamilton Street
Paula Lamb,Seattle,WA,(914) 479-8408,6 Canterbury St.
Payten Petty,Philadelphia,PA,(460) 881-0292,432 Taylor Ave.
Payton Cooper,El Paso,TX,(211) 823-8546,502 Morris St.
Pedro Perez,New York City,NY,(244) 903-7122,856 SE. Woodside St.
Penelope Rojas,Memphis,TN,(970) 650-5779,326 Tallwood Street
Perla Alvarez,Phoenix,AZ,(973) 746-4570,827 S. Bellevue Lane
Peyton Pearson,Phoenix,AZ,(230) 208-7918,161 Arnold Dr.
Philip Garza,Indianapolis,IN,(621) 931-2491,477 Bay Meadows Avenue
Phillip Wilson,Fort Worth,TX,(653) 845-4604,747 West Sugar Street
Phoebe Patton,Fort Worth,TX,(709) 888-7366,429 Stillwater Lane
Phoenix Krause,Denver,CO,(704) 977-2001,720 Stillwater Lane
Pierre Morgan,Jacksonville,FL,(993) 291-5662,618 Nichols Lane
Porter Moreno,San Diego,CA,(673) 777-5785,493 Lake View Street
Precious Juarez,Jacksonville,FL,(547) 745-5011,933 S. Glen Eagles Avenue
Presley Hobbs,New York City,NY,(705) 595-7134,682 Lawrence St.
Preston Livingston,Jacksonville,FL,(737) 895-2608,86 East Magnolia Ave.
Prince Lang,Chicago,IL,(285) 920-1488,956 Brookside St.
Priscilla Haynes,San Antonio,TX,(276) 737-6621,489 Fairway St.
Quentin Bradley,Las Vegas,NV,(971) 725-3861,64 Talbot St.
Quincy Gay,Houston,TX,(405) 975-5133,966 N. Fawn Street
Quinten Michael,Charlotte,NC,(816) 838-1612,363 N. Purple Finch Court
Quinton Hendricks,Las Vegas,NV,(412) 909-7816,448 W. Willow Ave.
Raegan Allison,Los Angeles,CA,(801) 731-3332,655 Bayberry St.
Raelynn Lawson,Philadelphia,PA,(667) 611-3719,241 Newcastle Street
Rafael Floyd,San Francisco,CA,(258) 713-4432,98 Jockey Hollow Avenue
Raiden Delacruz,Austin,TX,(784) 439-0906,269 John St.
Raina Solomon,Las Vegas,NV,(533) 452-6608,459 West Golf Street
Ramon Gibson,Chicago,IL,(247) 296-5094,700 Surrey Street
Raphael Wong,Charlotte,NC,(574) 656-3917,531 Madison Ave.
Raquel Burns,Philadelphia,PA,(630) 318-0517,224 W. Gonzales Court
Raul Moon,San Jose,CA,(235) 700-3693,756 Front St.
Raven Roman,Austin,TX,(583) 935-3626,56 East Beechwood Avenue
Rayne Bowman,New York City,NY,(364) 491-0609,586 Baker St.
Reagan Bradshaw,Dallas,TX,(762) 985-1967,850 West Harrison Drive
Reagan Long,San Diego,CA,(253) 527-1102,16 Smith Store St.
Rebecca Jenkins,Austin,TX,(919) 404-3621,496 N. San Pablo Ave.
Reece Walsh,Austin,TX,(937) 342-7008,114 East Pendergast St.
Reed Campbell,Charlotte,NC,(889) 987-2686,307 Brookside St.
Reese Holder,Dallas,TX,(634) 238-4031,139 Wrangler Drive
Regan Velasquez,San Diego,CA,(398) 307-6212,553 Brown Ave.
Reid Lozano,Fort Worth,TX,(204) 770-9027,375 Main St.
Reilly Pierce,San Jose,CA,(612) 719-9908,894 Tallwood Street
Remington Page,Columbus,OH,(587) 590-4501,310 W. Thompson St.
Rene Bridges,San Francisco,CA,(984) 342-9671,723 West Devonshire Ave.
Renee Wright,Chicago,IL,(435) 856-0917,464 School Lane
Rhett Faulkner,Los Angeles,CA,(375) 395-6574,462 North Garden Drive
Rhianna Riggs,Philadelphia,PA,(377) 977-1293,937 Tanglewood Court
Rhys Clark,Phoenix,AZ,(562) 915-0705,743 West Depot Lane
Ricardo Mcintosh,San Antonio,TX,(722) 823-9097,242 E. Hill Field Court
Riley Gill,Philadelphia,PA,(843) 794-0192,295 Taylor Ave.
River Higgins,Memphis,TN,(521) 262-6228,265 Dogwood St.
Roberto Drake,Detroit,MI,(331) 853-9833,434 Rockledge St.
Rocco Silva,Dallas,TX,(411) 760-4832,924 San Juan St.
Rodney Kemp,Jacksonville,FL,(565) 461-7083,107 West 10th Lane
Roger Kim,New York City,NY,(633) 406-3982,845 South Wellington Ave.
Rolando Norris,Las Vegas,NV,(483) 723-9630,466 Strawberry St.
Romeo Charles,Austin,TX,(595) 897-8944,624 Hillside St.
Ronald Miles,Fort Worth,TX,(882) 497-2114,749 West Gregory Ave.
Rose Mahoney,Fort Worth,TX,(843) 845-6860,154 Mayfair Street
Ross Singleton,Philadelphia,PA,(721) 486-0204,905 Charles Ave.
Rowan Griffin,Jacksonville,FL,(717) 961-7570,79 West Second Dr.
Rowan Mckenzie,Indianapolis,IN,(821) 688-0935,120 Euclid Drive
Rubi Paul,Seattle,WA,(615) 613-1040,456 Lyme St.
Ruby Hawkins,Austin,TX,(393) 934-5673,69 E. Somerset Dr.
Russell Mcdaniel,Columbus,OH,(669) 901-4313,875 Prince St.
Ruth Shelton,Phoenix,AZ,(654) 465-1026,457 West Depot Lane
Ryan Diaz,Philadelphia,PA,(543) 941-5637,235 Meadowbrook Street
Rylan Deleon,Indianapolis,IN,(782) 582-5979,865 E. Hill Field Court
Ryleigh Davies,Houston,TX,(824) 552-2332,450 Shirley Rd.
Sabrina Irwin,Denver,CO,(859) 776-6403,249 Johnson Lane
Sadie Church,Detroit,MI,(818) 601-4141,9 West Depot Lane
Sage Bryan,San Diego,CA,(914) 953-9450,358 West Rockville Ave.
Sage Ponce,Memphis,TN,(225) 450-3376,282 West Devonshire Ave.
Salvatore Donaldson,Indianapolis,IN,(603) 253-7564,144 Inverness Ave.
Samantha Larsen,Las Vegas,NV,(754) 367-2977,49 Arrowhead St.
Samir Holloway,Jacksonville,FL,(992) 203-5901,194 Woodside Road
Sammy Caldwell,Nashville,TN,(554) 314-9078,509 S. Rosewood Road
Samuel Mcclure,Austin,TX,(463) 912-7390,338 Lawrence Ave.
Sanai Keith,Las Vegas,NV,(629) 388-7425,516 Studebaker Drive
Saniya Conway,Dallas,TX,(867) 716-9477,791 Canterbury St.
Saniyah Brown,Austin,TX,(486) 608-4874,411 John St.
Santiago Humphrey,Los Angeles,CA,(495) 235-1458,986 Hickory St.
Santino Valdez,Philadelphia,PA,(693) 637-4005,16 Lawrence St.
Sara Bartlett,Seattle,WA,(914) 929-4649,96 Carriage Street
Sarah Huff,Phoenix,AZ,(440) 437-5940,154 Prospect Street
Sarahi Ford,Fort Worth,TX,(906) 920-2609,400 Pumpkin Hill Rd.
Sariah Vaughn,Dallas,TX,(604) 568-1304,309 Aspen St.
Sasha Malone,San Jose,CA,(949) 508-5137,958 Jockey Hollow Avenue
Savanna Ballard,Charlotte,NC,(944) 832-4939,182 Old Richardson Dr.
Savannah Stafford,Fort Worth,TX,(873) 772-4962,581 E. Somerset Dr.
Scarlet Dunlap,Detroit,MI,(836) 447-3518,674 Bear Hill Ave.
Scott Wilkinson,Detroit,MI,(384) 544-6442,947 West Second Dr.
Seamus Winters,Boston,MA,(499) 685-8854,81 S. Winding Way
Sebastian Fisher,Philadelphia,PA,(975) 534-2907,16 Hamilton Street
Selah Patrick,Phoenix,AZ,(544) 208-2708,893 Winchester Dr.
Selena Pugh,San Antonio,TX,(784) 893-5858,408 West Golf Street
Sergio Nielsen,El Paso,TX,(669) 475-1473,462 Parker Avenue
Shamar Mcclain,Denver,CO,(388) 467-5812,730 West Sugar Street
Shane Moss,San Jose,CA,(793) 237-5222,152 West Depot Lane
Shania Jennings,Philadelphia,PA,(594) 640-7687,83 North Littleton Ave.
Shannon Andrade,Memphis,TN,(319) 753-9772,120 Beechwood Street
Sharon Rivera,Houston,TX,(547) 318-7158,151 Rockledge St.
Shawn Chapman,Boston,MA,(835) 914-9489,974 Hillside St.
Shayna Downs,Las Vegas,NV,(482) 638-8060,667 Fairview St.
Shelby Gregory,Denver,CO,(700) 396-0024,563 Bay Lane
Sheldon Crane,Las Vegas,NV,(299) 679-4920,542 Mill Ave.
Sherlyn Yates,Boston,MA,(892) 576-6795,755 Strawberry St.
Shiloh Tapia,Los Angeles,CA,(211) 256-6425,667 Shadow Brook Ave.
Siena Goodman,Detroit,MI,(247) 401-2698,88 N. San Pablo Ave.
Simeon Stout,Columbus,OH,(327) 826-5914,370 Wrangler Ave.
Simon Hall,Charlotte,NC,(645) 739-0589,185 Valley Rd.
Simone Cooley,Boston,MA,(971) 596-6606,521 Surrey Street
Skyla Glover,Charlotte,NC,(225) 884-6947,400 S. Rosewood Road
Skylar Hardy,San Francisco,CA,(384) 463-9554,136 Poor House St.
Skylar Mccall,San Diego,CA,(888) 841-3869,355 Bayport Dr.
Skyler Figueroa,Charlotte,NC,(210) 959-9663,933 East Beechwood Avenue
Sloane Mcgee,San Jose,CA,(486) 412-5909,321 Center Ave.
Sofia Lutz,Las Vegas,NV,(706) 371-7549,131 Evergreen St.
Solomon Gates,San Antonio,TX,(335) 612-5453,499 John St.
Sonia Cervantes,San Francisco,CA,(523) 551-5757,407 Beechwood Street
Sonny Allen,San Antonio,TX,(323) 460-9023,489 SE. Woodside St.
Soren Kane,New York City,NY,(796) 641-0833,251 Grand Dr.
Spencer Schroeder,Philadelphia,PA,(956) 437-4616,731 Sutor Ave.
Stacy Estrada,San Diego,CA,(727) 624-4789,379 Wrangler Drive
Stephanie Ochoa,Columbus,OH,(970) 844-1180,324 Kirkland Court
Stephen Baird,Nashville,TN,(451) 775-6473,213 Pearl St.
Steven Santiago,Boston,MA,(918) 318-0375,754 Pilgrim St.
Sullivan Owen,Jacksonville,FL,(759) 862-2099,180 Cottage Drive
Susan Mcneil,Nashville,TN,(768) 484-4937,609 Squaw Creek Ave.
Sydney Heath,San Antonio,TX,(450) 685-8891,594 Vine Ave.
Sylvia Mcpherson,Memphis,TN,(484) 846-1350,198 Broad St.
Tabitha Velez,Denver,CO,(773) 995-0540,813 Airport Court
Taliyah Mayo,Seattle,WA,(380) 987-1675,569 Alderwood Ave.
Talon Wells,San Francisco,CA,(294) 339-3159,767 Arlington St.
Terrance Pennington,San Francisco,CA,(639) 249-4133,409 Cooper Street
Tess Shah,Detroit,MI,(737) 225-9689,239 Sunnyslope Ave.
Tessa Sweeney,Denver,CO,(268) 487-6902,550 E. Hill Field Court
Thalia Cortez,Houston,TX,(813) 963-0110,764 West Sugar Street
Theresa Matthews,Houston,TX,(819) 342-8123,981 Charles Ave.
Thomas Peterson,Jacksonville,FL,(609) 865-7406,65 Schoolhouse Street
Titus Henderson,Denver,CO,(301) 667-5448,593 Plumb Branch Drive
Tobias Burch,Nashville,TN,(451) 638-9694,340 W. Creekside Street
Tomas Escobar,San Antonio,TX,(436) 470-0738,601 Arnold Dr.
Tony Yang,New York City,NY,(438) 456-7567,681 Broad St.
Tori West,Jacksonville,FL,(310) 550-7022,152 Edgewood Street
Trace Gallegos,Charlotte,NC,(379) 820-2319,968 Dogwood Ave.
Trenton Hogan,Denver,CO,(815) 992-9084,57 W. Willow Ave.
Trevin Hoover,Columbus,OH,(326) 904-3047,930 West Newcastle St.
Trinity Morrison,Indianapolis,IN,(434) 724-0680,430 New Street
Tripp Ray,Phoenix,AZ,(686) 787-7237,458 Bay Meadows Avenue
Tristan Ayers,San Antonio,TX,(582) 578-8435,578 Front St.
Tristian Riddle,San Francisco,CA,(467) 522-8533,942 W. Creekside Street
Tristin Archer,Detroit,MI,(345) 722-4499,310 Cooper Street
Tucker Anderson,El Paso,TX,(596) 446-8088,831 Lawrence Ave.
Tyree Cabrera,Phoenix,AZ,(807) 899-8267,455 Lancaster St.
Tyrell Clarke,Detroit,MI,(647) 370-8987,974 Bayport St.
Tyrone Green,San Jose,CA,(928) 997-9255,381 Baker Avenue
Tyshawn Maldonado,San Jose,CA,(930) 371-5311,951 Baker Avenue
Tyson Rangel,New York City,NY,(944) 296-1155,288 Blue Spring Court
Ulises Padilla,New York City,NY,(975) 827-9572,756 Silver Spear Rd.
Uriah Andrews,Seattle,WA,(204) 351-9654,454 Thomas St.
Urijah Rocha,San Diego,CA,(836) 395-3445,627 Second Dr.
Valentina Decker,Charlotte,NC,(260) 639-6194,927 West Ridgeview Ave.
Valentino Moore,Columbus,OH,(372) 483-9625,484 Piper St.
Valerie Hartman,Fort Worth,TX,(325) 493-4548,400 Rose Street
Van Sherman,San Diego,CA,(346) 987-7655,11 Summerhouse Ave.
Vanessa Saunders,San Francisco,CA,(824) 237-7095,729 Poor House St.
Victor Walton,Philadelphia,PA,(606) 236-5071,742 Cemetery Drive
Vincent Santos,Indianapolis,IN,(318) 218-7119,961 Hall Road
Wade Hood,Phoenix,AZ,(694) 451-6875,753 Shadow Brook Ave.
Walker Duffy,Houston,TX,(284) 631-9939,646 West Ashley Rd.
Walter Cole,Denver,CO,(637) 215-9725,12 3rd Street
Warren Serrano,San Jose,CA,(306) 925-3445,804 Military Ave.
Waylon Foley,Phoenix,AZ,(865) 263-0688,874 Grand Dr.
Wendy Gordon,Boston,MA,(339) 308-0347,172 E. Hill Field Court
Wesley Keller,Columbus,OH,(723) 708-7244,299 Poor House St.
Weston Vasquez,Chicago,IL,(279) 639-8214,187 Center Ave.
Whitney Lyons,Boston,MA,(589) 203-5882,975 John St.
William Dudley,Boston,MA,(458) 696-5974,3 Mill Ave.
Ximena Elliott,Detroit,MI,(535) 983-4984,579 Schoolhouse Street
Xzavier Hughes,Austin,TX,(390) 887-8129,290 Pilgrim St.
Yadiel Davidson,El Paso,TX,(904) 503-6234,616 Sutor Ave.
Yadira Bruce,Seattle,WA,(890) 867-2855,990 Newcastle Street
Yair Marks,Indianapolis,IN,(617) 224-8817,889 Old Richardson Dr.
Yamilet Rivers,Dallas,TX,(491) 437-8443,884 Clark Ave.
Yandel Haley,Columbus,OH,(732) 667-5867,962 St Margarets Drive
Yasmine Marquez,Las Vegas,NV,(880) 733-0801,758 Willow St.
Yazmin Navarro,Fort Worth,TX,(922) 382-8157,681 Tallwood Street
Yesenia Kidd,Fort Worth,TX,(676) 730-7592,905 West St Paul St.
Yuliana Mclaughlin,Philadelphia,PA,(951) 614-6441,750 Cardinal Street
Zachary Zhang,New York City,NY,(755) 795-1143,640 SE. Woodside St.
Zack Molina,Denver,CO,(617) 970-9042,984 South Ridge Ave.
Zackery Rose,Las Vegas,NV,(418) 353-1918,607 Wakehurst St.
Zaid Brady,San Francisco,CA,(871) 813-5152,594 North Rockledge Dr.
Zain Porter,Charlotte,NC,(806) 399-6383,455 Rockcrest Rd.
Zane Cuevas,San Francisco,CA,(852) 535-4072,515 Woodside Road
Zavier Rios,Boston,MA,(519) 885-5514,241 Bedford Drive
Zayne Francis,Chicago,IL,(996) 676-7952,425 Oak Valley Lane
Zion Novak,San Antonio,TX,(903) 234-3359,160 Baker Avenue
Zion Thornton,Detroit,MI,(700) 545-8100,800 E. Poor House Drive
Zoe Greer,Nashville,TN,(495) 200-9606,388 Wakehurst St.
Zoie Gardner,Chicago,IL,(877) 258-2484,393 W. St Louis Lane
